state_abbreviation,state_name,latest_reporting_month,latest_total_medicaid_chip_enrollment,latest_medicaid_enrollment,latest_chip_enrollment,state_population,population_denominator_year,population_denominator_source,population_source_url,population_date_accessed,population_notes,applications_per_1000_enrollees,determinations_per_1000_enrollees,determinations_per_application,change_since_january_2019,percent_change_since_january_2019,last_12_month_change,last_12_month_percent_change,latest_applications_submitted,latest_total_determinations,latest_month_preliminary_status,missingness_percent,data_quality_note,medicaid_chip_enrollment_per_1000_residents,medicaid_enrollment_per_1000_residents,chip_enrollment_per_1000_residents,applications_submitted_per_100000_residents,eligibility_determinations_per_100000_residents,map_medicaid_chip_enrollment_per_1000_residents,map_medicaid_enrollment_per_1000_residents,map_chip_enrollment_per_1000_residents,map_applications_per_100000_residents,map_determinations_per_100000_residents
AK,Alaska,2026-02-01,210442.0,197587.0,12855.0,740133,2024,"U.S. Census Bureau Annual Estimates of the Resident Population for the United States, Regions, States, District of Columbia, and Puerto Rico: April 1, 2020 to July 1, 2024 (NST-EST2024-POP)",https://www2.census.gov/programs-surveys/popest/tables/2020-2024/state/totals/NST-EST2024-POP.xlsx,2026-06-16,"Annual resident population estimate as of July 1. Used as descriptive state population context, not a utilization denominator.",890.9308855141023,702.7256738589665,0.7887544199946172,-5733.0,-2.652018040939054,-33405.0,-13.699163819936272,2601.0,2158.0,Preliminary,15.7,Latest month is preliminary; interpret current values cautiously. State has elevated missingness across preserved fields.,284.329979,266.961479,17.368500,351.423325,291.569218,284.329979,266.961479,17.368500,351.423325,291.569218
AL,Alabama,2026-02-01,936918.0,740700.0,196218.0,5157699,2024,"U.S. Census Bureau Annual Estimates of the Resident Population for the United States, Regions, States, District of Columbia, and Puerto Rico: April 1, 2020 to July 1, 2024 (NST-EST2024-POP)",https://www2.census.gov/programs-surveys/popest/tables/2020-2024/state/totals/NST-EST2024-POP.xlsx,2026-06-16,"Annual resident population estimate as of July 1. Used as descriptive state population context, not a utilization denominator.",873.6174774905894,1219.7945940327654,1.3962570867246702,28599.0,3.148563445221338,-18580.0,-1.944535729012515,12337.0,12224.0,Preliminary,15.7,Latest month is preliminary; interpret current values cautiously. State has elevated missingness across preserved fields.,181.654261,143.610552,38.043709,239.195812,237.004912,181.654261,143.610552,38.043709,239.195812,237.004912
AR,Arkansas,2026-02-01,798482.0,715111.0,83371.0,3088354,2024,"U.S. Census Bureau Annual Estimates of the Resident Population for the United States, Regions, States, District of Columbia, and Puerto Rico: April 1, 2020 to July 1, 2024 (NST-EST2024-POP)",https://www2.census.gov/programs-surveys/popest/tables/2020-2024/state/totals/NST-EST2024-POP.xlsx,2026-06-16,"Annual resident population estimate as of July 1. Used as descriptive state population context, not a utilization denominator.",1769.4929702102147,1248.991898339258,0.7058473355736918,-51862.0,-6.098943486400798,-25763.0,-3.125648320584292,22803.0,14307.0,Preliminary,15.7,Latest month is preliminary; interpret current values cautiously. State has elevated missingness across preserved fields.,258.546138,231.550852,26.995286,738.354476,463.256479,258.546138,231.550852,26.995286,738.354476,463.256479
AZ,Arizona,2026-02-01,1639141.0,1527741.0,111400.0,7582384,2024,"U.S. Census Bureau Annual Estimates of the Resident Population for the United States, Regions, States, District of Columbia, and Puerto Rico: April 1, 2020 to July 1, 2024 (NST-EST2024-POP)",https://www2.census.gov/programs-surveys/popest/tables/2020-2024/state/totals/NST-EST2024-POP.xlsx,2026-06-16,"Annual resident population estimate as of July 1. Used as descriptive state population context, not a utilization denominator.",3436.588218625262,469.3916490374359,0.1365865268621582,-62309.0,-3.6621117282318014,-220149.0,-11.84048749791587,39704.0,29994.0,Preliminary,15.83,Latest month is preliminary; interpret current values cautiously. State has elevated missingness across preserved fields.,216.177524,201.485575,14.691949,523.634783,395.574795,216.177524,201.485575,14.691949,523.634783,395.574795
CA,California,2026-02-01,12447923.0,11206969.0,1240954.0,39431263,2024,"U.S. Census Bureau Annual Estimates of the Resident Population for the United States, Regions, States, District of Columbia, and Puerto Rico: April 1, 2020 to July 1, 2024 (NST-EST2024-POP)",https://www2.census.gov/programs-surveys/popest/tables/2020-2024/state/totals/NST-EST2024-POP.xlsx,2026-06-16,"Annual resident population estimate as of July 1. Used as descriptive state population context, not a utilization denominator.",1142.630058156181,1026.4405311523738,0.8983139589454722,533529.0,4.478020451564721,-1050743.0,-7.784050661006058,172960.0,150977.0,Preliminary,15.7,Latest month is preliminary; interpret current values cautiously. State has elevated missingness across preserved fields.,315.686642,284.215319,31.471323,438.636723,382.886544,315.686642,284.215319,31.471323,438.636723,382.886544
CO,Colorado,2026-02-01,1183855.0,1044511.0,139344.0,5957493,2024,"U.S. Census Bureau Annual Estimates of the Resident Population for the United States, Regions, States, District of Columbia, and Puerto Rico: April 1, 2020 to July 1, 2024 (NST-EST2024-POP)",https://www2.census.gov/programs-surveys/popest/tables/2020-2024/state/totals/NST-EST2024-POP.xlsx,2026-06-16,"Annual resident population estimate as of July 1. Used as descriptive state population context, not a utilization denominator.",1298.9104011742031,1100.8316191632032,0.8475038910829119,-94348.0,-7.38130015341851,-30415.0,-2.504797120903918,21831.0,17696.0,Preliminary,15.7,Latest month is preliminary; interpret current values cautiously. State has elevated missingness across preserved fields.,198.716977,175.327273,23.389704,366.446087,297.037697,198.716977,175.327273,23.389704,366.446087,297.037697
CT,Connecticut,2026-02-01,903159.0,877669.0,25490.0,3675069,2024,"U.S. Census Bureau Annual Estimates of the Resident Population for the United States, Regions, States, District of Columbia, and Puerto Rico: April 1, 2020 to July 1, 2024 (NST-EST2024-POP)",https://www2.census.gov/programs-surveys/popest/tables/2020-2024/state/totals/NST-EST2024-POP.xlsx,2026-06-16,"Annual resident population estimate as of July 1. Used as descriptive state population context, not a utilization denominator.",1478.832512064981,1157.471616635327,0.7826928385683658,41182.0,4.777621676680469,-25904.0,-2.7881855159445594,17475.0,9913.0,Preliminary,15.7,Latest month is preliminary; interpret current values cautiously. State has elevated missingness across preserved fields.,245.752937,238.817013,6.935924,475.501276,269.736432,245.752937,238.817013,6.935924,475.501276,269.736432
DC,District of Columbia,2026-02-01,239206.0,223016.0,16190.0,702250,2024,"U.S. Census Bureau Annual Estimates of the Resident Population for the United States, Regions, States, District of Columbia, and Puerto Rico: April 1, 2020 to July 1, 2024 (NST-EST2024-POP)",https://www2.census.gov/programs-surveys/popest/tables/2020-2024/state/totals/NST-EST2024-POP.xlsx,2026-06-16,"Annual resident population estimate as of July 1. Used as descriptive state population context, not a utilization denominator.",714.3252764963776,371.8245239448758,0.5205255031273717,-14452.0,-5.697435129189697,-20919.0,-8.041902931283037,918.0,0.0,Preliminary,15.7,Latest month is preliminary; interpret current values cautiously. State has elevated missingness across preserved fields.,340.627981,317.573514,23.054468,130.722677,0.000000,340.627981,317.573514,23.054468,130.722677,0.000000
DE,Delaware,2026-02-01,238342.0,224335.0,14007.0,1051917,2024,"U.S. Census Bureau Annual Estimates of the Resident Population for the United States, Regions, States, District of Columbia, and Puerto Rico: April 1, 2020 to July 1, 2024 (NST-EST2024-POP)",https://www2.census.gov/programs-surveys/popest/tables/2020-2024/state/totals/NST-EST2024-POP.xlsx,2026-06-16,"Annual resident population estimate as of July 1. Used as descriptive state population context, not a utilization denominator.",1396.2222815714867,1284.2524755491263,0.9198051717837256,5728.0,2.4624485198655286,-9508.0,-3.836191244704459,3924.0,4206.0,Preliminary,15.7,Latest month is preliminary; interpret current values cautiously. State has elevated missingness across preserved fields.,226.578713,213.263024,13.315689,373.033234,399.841432,226.578713,213.263024,13.315689,373.033234,399.841432
FL,Florida,2026-02-01,3580247.0,3414969.0,165278.0,23372215,2024,"U.S. Census Bureau Annual Estimates of the Resident Population for the United States, Regions, States, District of Columbia, and Puerto Rico: April 1, 2020 to July 1, 2024 (NST-EST2024-POP)",https://www2.census.gov/programs-surveys/popest/tables/2020-2024/state/totals/NST-EST2024-POP.xlsx,2026-06-16,"Annual resident population estimate as of July 1. Used as descriptive state population context, not a utilization denominator.",6114.831091006946,3391.8190002067035,0.5546872758586965,-99743.0,-2.7104149739537333,-157281.0,-4.208155764986911,239516.0,143927.0,Preliminary,15.7,Latest month is preliminary; interpret current values cautiously. State has elevated missingness across preserved fields.,153.183898,146.112339,7.071559,1024.789478,615.803851,153.183898,146.112339,7.071559,1024.789478,615.803851
GA,Georgia,2026-02-01,1841369.0,1659357.0,182012.0,11180878,2024,"U.S. Census Bureau Annual Estimates of the Resident Population for the United States, Regions, States, District of Columbia, and Puerto Rico: April 1, 2020 to July 1, 2024 (NST-EST2024-POP)",https://www2.census.gov/programs-surveys/popest/tables/2020-2024/state/totals/NST-EST2024-POP.xlsx,2026-06-16,"Annual resident population estimate as of July 1. Used as descriptive state population context, not a utilization denominator.",1929.4779726058596,986.7814020985718,0.5114240308044942,3110.0,0.169181818231272,-107024.0,-5.492936999876308,57044.0,21715.0,Preliminary,15.7,Latest month is preliminary; interpret current values cautiously. State has elevated missingness across preserved fields.,164.689124,148.410259,16.278865,510.192491,194.215517,164.689124,148.410259,16.278865,510.192491,194.215517
HI,Hawaii,2026-02-01,387233.0,361658.0,25575.0,1446146,2024,"U.S. Census Bureau Annual Estimates of the Resident Population for the United States, Regions, States, District of Columbia, and Puerto Rico: April 1, 2020 to July 1, 2024 (NST-EST2024-POP)",https://www2.census.gov/programs-surveys/popest/tables/2020-2024/state/totals/NST-EST2024-POP.xlsx,2026-06-16,"Annual resident population estimate as of July 1. Used as descriptive state population context, not a utilization denominator.",833.594252175538,872.7528172025245,1.0469755698588243,56823.0,17.197724039829303,-16189.0,-4.012919473900778,3409.0,4192.0,Preliminary,15.7,Latest month is preliminary; interpret current values cautiously. State has elevated missingness across preserved fields.,267.768953,250.084016,17.684936,235.730002,289.873913,267.768953,250.084016,17.684936,235.730002,289.873913
IA,Iowa,2026-02-01,670025.0,585321.0,84704.0,3241488,2024,"U.S. Census Bureau Annual Estimates of the Resident Population for the United States, Regions, States, District of Columbia, and Puerto Rico: April 1, 2020 to July 1, 2024 (NST-EST2024-POP)",https://www2.census.gov/programs-surveys/popest/tables/2020-2024/state/totals/NST-EST2024-POP.xlsx,2026-06-16,"Annual resident population estimate as of July 1. Used as descriptive state population context, not a utilization denominator.",1904.3976531833916,1155.0003777688944,0.6064911788975351,-3076.0,-0.4569893671232103,-12209.0,-1.7895619391587052,18300.0,11371.0,Preliminary,15.7,Latest month is preliminary; interpret current values cautiously. State has elevated missingness across preserved fields.,206.702909,180.571700,26.131209,564.555537,350.795684,206.702909,180.571700,26.131209,564.555537,350.795684
ID,Idaho,2026-02-01,311066.0,291471.0,19595.0,2001619,2024,"U.S. Census Bureau Annual Estimates of the Resident Population for the United States, Regions, States, District of Columbia, and Puerto Rico: April 1, 2020 to July 1, 2024 (NST-EST2024-POP)",https://www2.census.gov/programs-surveys/popest/tables/2020-2024/state/totals/NST-EST2024-POP.xlsx,2026-06-16,"Annual resident population estimate as of July 1. Used as descriptive state population context, not a utilization denominator.",2314.910895883889,2279.256896552464,0.9845981115753436,43122.0,16.093661362075657,-9241.0,-2.885044660279045,7519.0,7707.0,Preliminary,15.7,Latest month is preliminary; interpret current values cautiously. State has elevated missingness across preserved fields.,155.407198,145.617623,9.789575,375.645915,385.038311,155.407198,145.617623,9.789575,375.645915,385.038311
IL,Illinois,2026-02-01,2988258.0,2666845.0,321413.0,12710158,2024,"U.S. Census Bureau Annual Estimates of the Resident Population for the United States, Regions, States, District of Columbia, and Puerto Rico: April 1, 2020 to July 1, 2024 (NST-EST2024-POP)",https://www2.census.gov/programs-surveys/popest/tables/2020-2024/state/totals/NST-EST2024-POP.xlsx,2026-06-16,"Annual resident population estimate as of July 1. Used as descriptive state population context, not a utilization denominator.",1566.7958433938518,954.6442370507452,0.6092971468336813,3425.0,0.1147467881787691,-216613.0,-6.758867985638112,133810.0,38802.0,Preliminary,15.7,Latest month is preliminary; interpret current values cautiously. State has elevated missingness across preserved fields.,235.107856,209.819972,25.287884,1052.779989,305.283380,235.107856,209.819972,25.287884,1052.779989,305.283380
IN,Indiana,2026-02-01,1438283.0,1317985.0,120298.0,6924275,2024,"U.S. Census Bureau Annual Estimates of the Resident Population for the United States, Regions, States, District of Columbia, and Puerto Rico: April 1, 2020 to July 1, 2024 (NST-EST2024-POP)",https://www2.census.gov/programs-surveys/popest/tables/2020-2024/state/totals/NST-EST2024-POP.xlsx,2026-06-16,"Annual resident population estimate as of July 1. Used as descriptive state population context, not a utilization denominator.",2725.671083626144,1611.7565826975167,0.5913246805088779,98741.0,7.371250770785835,-338973.0,-19.07282912534829,63533.0,47656.0,Preliminary,15.7,Latest month is preliminary; interpret current values cautiously. State has elevated missingness across preserved fields.,207.716042,190.342671,17.373371,917.540103,688.245340,207.716042,190.342671,17.373371,917.540103,688.245340
KS,Kansas,2026-02-01,396574.0,324334.0,72240.0,2970606,2024,"U.S. Census Bureau Annual Estimates of the Resident Population for the United States, Regions, States, District of Columbia, and Puerto Rico: April 1, 2020 to July 1, 2024 (NST-EST2024-POP)",https://www2.census.gov/programs-surveys/popest/tables/2020-2024/state/totals/NST-EST2024-POP.xlsx,2026-06-16,"Annual resident population estimate as of July 1. Used as descriptive state population context, not a utilization denominator.",1092.6132613865807,48.70835804978061,0.0445796877734828,6154.0,1.576251216638492,-24703.0,-5.863837807428367,13068.0,713.0,Preliminary,15.7,Latest month is preliminary; interpret current values cautiously. State has elevated missingness across preserved fields.,133.499360,109.181090,24.318270,439.910241,24.001837,133.499360,109.181090,24.318270,439.910241,24.001837
KY,Kentucky,2026-02-01,1305256.0,1176615.0,128641.0,4588372,2024,"U.S. Census Bureau Annual Estimates of the Resident Population for the United States, Regions, States, District of Columbia, and Puerto Rico: April 1, 2020 to July 1, 2024 (NST-EST2024-POP)",https://www2.census.gov/programs-surveys/popest/tables/2020-2024/state/totals/NST-EST2024-POP.xlsx,2026-06-16,"Annual resident population estimate as of July 1. Used as descriptive state population context, not a utilization denominator.",741.884579681627,958.1298639462508,1.2914810338252662,-9242.0,-0.703082089132125,-77837.0,-5.627748820939734,8139.0,10292.0,Preliminary,15.7,Latest month is preliminary; interpret current values cautiously. State has elevated missingness across preserved fields.,284.470396,256.434090,28.036306,177.383176,224.306137,284.470396,256.434090,28.036306,177.383176,224.306137
LA,Louisiana,2026-02-01,1367435.0,1231040.0,136395.0,4597740,2024,"U.S. Census Bureau Annual Estimates of the Resident Population for the United States, Regions, States, District of Columbia, and Puerto Rico: April 1, 2020 to July 1, 2024 (NST-EST2024-POP)",https://www2.census.gov/programs-surveys/popest/tables/2020-2024/state/totals/NST-EST2024-POP.xlsx,2026-06-16,"Annual resident population estimate as of July 1. Used as descriptive state population context, not a utilization denominator.",1127.0472069474051,500.5385772764394,0.4441150061780843,-184356.0,-11.880208095033415,-158664.0,-10.396704276721234,24333.0,10222.0,Preliminary,15.7,Latest month is preliminary; interpret current values cautiously. State has elevated missingness across preserved fields.,297.414599,267.748938,29.665662,529.238278,222.326621,297.414599,267.748938,29.665662,529.238278,222.326621
MA,Massachusetts,2026-02-01,1567203.0,1383816.0,183387.0,7136171,2024,"U.S. Census Bureau Annual Estimates of the Resident Population for the United States, Regions, States, District of Columbia, and Puerto Rico: April 1, 2020 to July 1, 2024 (NST-EST2024-POP)",https://www2.census.gov/programs-surveys/popest/tables/2020-2024/state/totals/NST-EST2024-POP.xlsx,2026-06-16,"Annual resident population estimate as of July 1. Used as descriptive state population context, not a utilization denominator.",956.774314750426,662.2254914402806,0.6921438851679687,-14189.0,-0.8972474882887987,-76187.0,-4.635965899755992,17640.0,9616.0,Preliminary,15.7,Latest month is preliminary; interpret current values cautiously. State has elevated missingness across preserved fields.,219.613992,193.915757,25.698235,247.191386,134.750134,219.613992,193.915757,25.698235,247.191386,134.750134
MD,Maryland,2026-02-01,1388290.0,1192846.0,195444.0,6263220,2024,"U.S. Census Bureau Annual Estimates of the Resident Population for the United States, Regions, States, District of Columbia, and Puerto Rico: April 1, 2020 to July 1, 2024 (NST-EST2024-POP)",https://www2.census.gov/programs-surveys/popest/tables/2020-2024/state/totals/NST-EST2024-POP.xlsx,2026-06-16,"Annual resident population estimate as of July 1. Used as descriptive state population context, not a utilization denominator.",5916.030793561654,3510.100286681942,0.5933201514944687,60342.0,4.544003229042101,-72653.0,-4.9730208502316655,134590.0,94342.0,Preliminary,15.7,Latest month is preliminary; interpret current values cautiously. State has elevated missingness across preserved fields.,221.657550,190.452515,31.205035,2148.894658,1506.285904,221.657550,190.452515,31.205035,2148.894658,1506.285904
ME,Maine,2026-02-01,334056.0,312922.0,21134.0,1405012,2024,"U.S. Census Bureau Annual Estimates of the Resident Population for the United States, Regions, States, District of Columbia, and Puerto Rico: April 1, 2020 to July 1, 2024 (NST-EST2024-POP)",https://www2.census.gov/programs-surveys/popest/tables/2020-2024/state/totals/NST-EST2024-POP.xlsx,2026-06-16,"Annual resident population estimate as of July 1. Used as descriptive state population context, not a utilization denominator.",1803.343432155634,2331.195418046783,1.292707410290772,91756.0,37.8687577383409,-11363.0,-3.289627959087369,6576.0,7204.0,Preliminary,15.7,Latest month is preliminary; interpret current values cautiously. State has elevated missingness across preserved fields.,237.760247,222.718382,15.041864,468.038707,512.735834,237.760247,222.718382,15.041864,468.038707,512.735834
MI,Michigan,2026-02-01,2194454.0,2027525.0,166929.0,10140459,2024,"U.S. Census Bureau Annual Estimates of the Resident Population for the United States, Regions, States, District of Columbia, and Puerto Rico: April 1, 2020 to July 1, 2024 (NST-EST2024-POP)",https://www2.census.gov/programs-surveys/popest/tables/2020-2024/state/totals/NST-EST2024-POP.xlsx,2026-06-16,"Annual resident population estimate as of July 1. Used as descriptive state population context, not a utilization denominator.",1315.4838303319998,1105.288245583234,0.8402142391246897,-140641.0,-6.022924120860179,-207924.0,-8.654924412394719,47799.0,34362.0,Preliminary,15.7,Latest month is preliminary; interpret current values cautiously. State has elevated missingness across preserved fields.,216.405786,199.944105,16.461681,471.369195,338.860401,216.405786,199.944105,16.461681,471.369195,338.860401
MN,Minnesota,2026-02-01,1135076.0,1131094.0,3982.0,5793151,2024,"U.S. Census Bureau Annual Estimates of the Resident Population for the United States, Regions, States, District of Columbia, and Puerto Rico: April 1, 2020 to July 1, 2024 (NST-EST2024-POP)",https://www2.census.gov/programs-surveys/popest/tables/2020-2024/state/totals/NST-EST2024-POP.xlsx,2026-06-16,"Annual resident population estimate as of July 1. Used as descriptive state population context, not a utilization denominator.",1572.2285957471097,804.0102244460069,0.5113825219951226,77329.0,7.310727423476503,-33462.0,-2.8635782490599366,19679.0,8585.0,Preliminary,15.7,Latest month is preliminary; interpret current values cautiously. State has elevated missingness across preserved fields.,195.934130,195.246766,0.687363,339.694235,148.192236,195.934130,195.246766,0.687363,339.694235,148.192236
MO,Missouri,2026-02-01,1242164.0,1107774.0,134390.0,6245466,2024,"U.S. Census Bureau Annual Estimates of the Resident Population for the United States, Regions, States, District of Columbia, and Puerto Rico: April 1, 2020 to July 1, 2024 (NST-EST2024-POP)",https://www2.census.gov/programs-surveys/popest/tables/2020-2024/state/totals/NST-EST2024-POP.xlsx,2026-06-16,"Annual resident population estimate as of July 1. Used as descriptive state population context, not a utilization denominator.",1511.351983297069,995.1662259079134,0.6584609256520921,334268.0,36.8178734128138,-71397.0,-5.43537757287252,25019.0,25068.0,Preliminary,15.7,Latest month is preliminary; interpret current values cautiously. State has elevated missingness across preserved fields.,198.890523,177.372513,21.518010,400.594607,401.379177,198.890523,177.372513,21.518010,400.594607,401.379177
MS,Mississippi,2026-02-01,587137.0,503605.0,83532.0,2943045,2024,"U.S. Census Bureau Annual Estimates of the Resident Population for the United States, Regions, States, District of Columbia, and Puerto Rico: April 1, 2020 to July 1, 2024 (NST-EST2024-POP)",https://www2.census.gov/programs-surveys/popest/tables/2020-2024/state/totals/NST-EST2024-POP.xlsx,2026-06-16,"Annual resident population estimate as of July 1. Used as descriptive state population context, not a utilization denominator.",2180.0037141332773,1238.8756840792528,0.5682906299872077,-5334.0,-0.9002972297378268,-18068.0,-2.985434687419965,16047.0,8541.0,Preliminary,15.7,Latest month is preliminary; interpret current values cautiously. State has elevated missingness across preserved fields.,199.499838,171.116989,28.382848,545.251602,290.209630,199.499838,171.116989,28.382848,545.251602,290.209630
MT,Montana,2026-02-01,208151.0,188346.0,19805.0,1137233,2024,"U.S. Census Bureau Annual Estimates of the Resident Population for the United States, Regions, States, District of Columbia, and Puerto Rico: April 1, 2020 to July 1, 2024 (NST-EST2024-POP)",https://www2.census.gov/programs-surveys/popest/tables/2020-2024/state/totals/NST-EST2024-POP.xlsx,2026-06-16,"Annual resident population estimate as of July 1. Used as descriptive state population context, not a utilization denominator.",1135.879798281838,1060.2071172244016,0.9333796752333292,-72304.0,-25.780963077855628,-5767.0,-2.6958928187436304,4019.0,3274.0,Preliminary,15.7,Latest month is preliminary; interpret current values cautiously. State has elevated missingness across preserved fields.,183.032853,165.617776,17.415077,353.401634,287.891751,183.032853,165.617776,17.415077,353.401634,287.891751
NC,North Carolina,2026-02-01,2849341.0,2503652.0,345689.0,11046024,2024,"U.S. Census Bureau Annual Estimates of the Resident Population for the United States, Regions, States, District of Columbia, and Puerto Rico: April 1, 2020 to July 1, 2024 (NST-EST2024-POP)",https://www2.census.gov/programs-surveys/popest/tables/2020-2024/state/totals/NST-EST2024-POP.xlsx,2026-06-16,"Annual resident population estimate as of July 1. Used as descriptive state population context, not a utilization denominator.",997.63310536915,1455.216461105753,1.4586689768753065,937677.0,49.05030381908118,-13916.0,-0.4860199416259176,30062.0,44892.0,Preliminary,15.7,Latest month is preliminary; interpret current values cautiously. State has elevated missingness across preserved fields.,257.951730,226.656397,31.295333,272.152224,406.408677,257.951730,226.656397,31.295333,272.152224,406.408677
ND,North Dakota,2026-02-01,103737.0,98345.0,5392.0,796568,2024,"U.S. Census Bureau Annual Estimates of the Resident Population for the United States, Regions, States, District of Columbia, and Puerto Rico: April 1, 2020 to July 1, 2024 (NST-EST2024-POP)",https://www2.census.gov/programs-surveys/popest/tables/2020-2024/state/totals/NST-EST2024-POP.xlsx,2026-06-16,"Annual resident population estimate as of July 1. Used as descriptive state population context, not a utilization denominator.",2024.6269938728376,1720.5490056351232,0.8498103654856175,12677.0,13.921590160333846,-4198.0,-3.8893778663084255,2535.0,2417.0,Preliminary,15.7,Latest month is preliminary; interpret current values cautiously. State has elevated missingness across preserved fields.,130.229936,123.460897,6.769039,318.240251,303.426701,130.229936,123.460897,6.769039,318.240251,303.426701
NE,Nebraska,2026-02-01,333666.0,296393.0,37273.0,2005465,2024,"U.S. Census Bureau Annual Estimates of the Resident Population for the United States, Regions, States, District of Columbia, and Puerto Rico: April 1, 2020 to July 1, 2024 (NST-EST2024-POP)",https://www2.census.gov/programs-surveys/popest/tables/2020-2024/state/totals/NST-EST2024-POP.xlsx,2026-06-16,"Annual resident population estimate as of July 1. Used as descriptive state population context, not a utilization denominator.",2012.5398372798843,1628.099053338988,0.8089773047869203,86700.0,35.106046986224825,-13404.0,-3.862045120580863,8741.0,7312.0,Preliminary,15.7,Latest month is preliminary; interpret current values cautiously. State has elevated missingness across preserved fields.,166.378371,147.792657,18.585715,435.859015,364.603720,166.378371,147.792657,18.585715,435.859015,364.603720
NH,New Hampshire,2026-02-01,172022.0,153037.0,18985.0,1409032,2024,"U.S. Census Bureau Annual Estimates of the Resident Population for the United States, Regions, States, District of Columbia, and Puerto Rico: April 1, 2020 to July 1, 2024 (NST-EST2024-POP)",https://www2.census.gov/programs-surveys/popest/tables/2020-2024/state/totals/NST-EST2024-POP.xlsx,2026-06-16,"Annual resident population estimate as of July 1. Used as descriptive state population context, not a utilization denominator.",2083.806130978463,1636.1888167793124,0.7851924382289013,-11630.0,-6.332629102868468,-16719.0,-8.858170720723107,5132.0,3662.0,Preliminary,15.7,Latest month is preliminary; interpret current values cautiously. State has elevated missingness across preserved fields.,122.085233,108.611444,13.473789,364.221678,259.894736,122.085233,108.611444,13.473789,364.221678,259.894736
NJ,New Jersey,2026-02-01,1739068.0,1482629.0,256439.0,9500851,2024,"U.S. Census Bureau Annual Estimates of the Resident Population for the United States, Regions, States, District of Columbia, and Puerto Rico: April 1, 2020 to July 1, 2024 (NST-EST2024-POP)",https://www2.census.gov/programs-surveys/popest/tables/2020-2024/state/totals/NST-EST2024-POP.xlsx,2026-06-16,"Annual resident population estimate as of July 1. Used as descriptive state population context, not a utilization denominator.",1476.7200772512433,1145.0692560014727,0.7754138876021088,8256.0,0.4770015460951276,-63758.0,-3.536558713930241,30014.0,25648.0,Preliminary,15.7,Latest month is preliminary; interpret current values cautiously. State has elevated missingness across preserved fields.,183.043393,156.052232,26.991161,315.908543,269.954765,183.043393,156.052232,26.991161,315.908543,269.954765
NM,New Mexico,2026-02-01,680107.0,636198.0,43909.0,2130256,2024,"U.S. Census Bureau Annual Estimates of the Resident Population for the United States, Regions, States, District of Columbia, and Puerto Rico: April 1, 2020 to July 1, 2024 (NST-EST2024-POP)",https://www2.census.gov/programs-surveys/popest/tables/2020-2024/state/totals/NST-EST2024-POP.xlsx,2026-06-16,"Annual resident population estimate as of July 1. Used as descriptive state population context, not a utilization denominator.",1370.9658747926112,1362.3072308588587,0.9936842746468344,-54478.0,-7.416160144843688,-43493.0,-6.010641238253179,12375.0,12724.0,Preliminary,15.7,Latest month is preliminary; interpret current values cautiously. State has elevated missingness across preserved fields.,319.260690,298.648613,20.612077,580.916096,597.299104,319.260690,298.648613,20.612077,580.916096,597.299104
NV,Nevada,2026-02-01,727300.0,680222.0,47078.0,3267467,2024,"U.S. Census Bureau Annual Estimates of the Resident Population for the United States, Regions, States, District of Columbia, and Puerto Rico: April 1, 2020 to July 1, 2024 (NST-EST2024-POP)",https://www2.census.gov/programs-surveys/popest/tables/2020-2024/state/totals/NST-EST2024-POP.xlsx,2026-06-16,"Annual resident population estimate as of July 1. Used as descriptive state population context, not a utilization denominator.",2104.9747750383767,1007.2390732295656,0.4785041061649787,92106.0,14.500451830464394,-44786.0,-5.8006491504832365,16077.0,8617.0,Preliminary,15.79,Latest month is preliminary; interpret current values cautiously. State has elevated missingness across preserved fields.,222.588323,208.180220,14.408103,492.032513,263.721103,222.588323,208.180220,14.408103,492.032513,263.721103
NY,New York,2026-02-01,6423072.0,5765633.0,657439.0,19867248,2024,"U.S. Census Bureau Annual Estimates of the Resident Population for the United States, Regions, States, District of Columbia, and Puerto Rico: April 1, 2020 to July 1, 2024 (NST-EST2024-POP)",https://www2.census.gov/programs-surveys/popest/tables/2020-2024/state/totals/NST-EST2024-POP.xlsx,2026-06-16,"Annual resident population estimate as of July 1. Used as descriptive state population context, not a utilization denominator.",4769.616688984734,1345.7035923949766,0.2821408260128813,284084.0,4.627537959025169,-188622.0,-2.852854351698672,588083.0,116976.0,Preliminary,15.7,Latest month is preliminary; interpret current values cautiously. State has elevated missingness across preserved fields.,323.299533,290.207934,33.091599,2960.062712,588.788140,323.299533,290.207934,33.091599,2960.062712,588.788140
OH,Ohio,2026-02-01,2681863.0,2439802.0,242061.0,11883304,2024,"U.S. Census Bureau Annual Estimates of the Resident Population for the United States, Regions, States, District of Columbia, and Puerto Rico: April 1, 2020 to July 1, 2024 (NST-EST2024-POP)",https://www2.census.gov/programs-surveys/popest/tables/2020-2024/state/totals/NST-EST2024-POP.xlsx,2026-06-16,"Annual resident population estimate as of July 1. Used as descriptive state population context, not a utilization denominator.",1866.0158155367656,1188.1184206051278,0.6367140142718253,31307.0,1.181148408107582,-136346.0,-4.838037207318549,68183.0,35274.0,Preliminary,15.7,Latest month is preliminary; interpret current values cautiously. State has elevated missingness across preserved fields.,225.683278,205.313438,20.369840,573.771402,296.836637,225.683278,205.313438,20.369840,573.771402,296.836637
OK,Oklahoma,2026-02-01,968741.0,890835.0,77906.0,4095393,2024,"U.S. Census Bureau Annual Estimates of the Resident Population for the United States, Regions, States, District of Columbia, and Puerto Rico: April 1, 2020 to July 1, 2024 (NST-EST2024-POP)",https://www2.census.gov/programs-surveys/popest/tables/2020-2024/state/totals/NST-EST2024-POP.xlsx,2026-06-16,"Annual resident population estimate as of July 1. Used as descriptive state population context, not a utilization denominator.",3826.22528841025,7980.169565096005,2.0856507297853515,238581.0,32.67516708666594,-9566.0,-0.9778116685253198,43746.0,75856.0,Preliminary,15.7,Latest month is preliminary; interpret current values cautiously. State has elevated missingness across preserved fields.,236.544087,217.521249,19.022839,1068.175875,1852.227613,236.544087,217.521249,19.022839,1068.175875,1852.227613
OR,Oregon,2026-02-01,1288913.0,1106086.0,182827.0,4272371,2024,"U.S. Census Bureau Annual Estimates of the Resident Population for the United States, Regions, States, District of Columbia, and Puerto Rico: April 1, 2020 to July 1, 2024 (NST-EST2024-POP)",https://www2.census.gov/programs-surveys/popest/tables/2020-2024/state/totals/NST-EST2024-POP.xlsx,2026-06-16,"Annual resident population estimate as of July 1. Used as descriptive state population context, not a utilization denominator.",953.0716841388128,12093.53991410352,12.689013969637696,305757.0,31.099540662926334,-29473.0,-2.2355364817284165,14152.0,223528.0,Preliminary,15.7,Latest month is preliminary; interpret current values cautiously. State has elevated missingness across preserved fields.,301.685645,258.892779,42.792866,331.244641,5231.942638,301.685645,258.892779,42.792866,331.244641,5231.942638
PA,Pennsylvania,2026-02-01,2994399.0,2715845.0,278554.0,13078751,2024,"U.S. Census Bureau Annual Estimates of the Resident Population for the United States, Regions, States, District of Columbia, and Puerto Rico: April 1, 2020 to July 1, 2024 (NST-EST2024-POP)",https://www2.census.gov/programs-surveys/popest/tables/2020-2024/state/totals/NST-EST2024-POP.xlsx,2026-06-16,"Annual resident population estimate as of July 1. Used as descriptive state population context, not a utilization denominator.",2502.478545896884,2341.8212603935626,0.935800734129474,-22421.0,-0.7431997931596847,-114075.0,-3.669807114359007,101139.0,85575.0,Preliminary,15.7,Latest month is preliminary; interpret current values cautiously. State has elevated missingness across preserved fields.,228.951450,207.653238,21.298211,773.307788,654.305598,228.951450,207.653238,21.298211,773.307788,654.305598
RI,Rhode Island,2026-02-01,286204.0,251044.0,35160.0,1112308,2024,"U.S. Census Bureau Annual Estimates of the Resident Population for the United States, Regions, States, District of Columbia, and Puerto Rico: April 1, 2020 to July 1, 2024 (NST-EST2024-POP)",https://www2.census.gov/programs-surveys/popest/tables/2020-2024/state/totals/NST-EST2024-POP.xlsx,2026-06-16,"Annual resident population estimate as of July 1. Used as descriptive state population context, not a utilization denominator.",417.7207040699725,503.937086470198,1.2063971968834548,-23353.0,-7.544006435002277,-30890.0,-9.7415908216491,1441.0,1994.0,Preliminary,15.97,Latest month is preliminary; interpret current values cautiously. State has elevated missingness across preserved fields.,257.306430,225.696480,31.609950,129.550448,179.266894,257.306430,225.696480,31.609950,129.550448,179.266894
SC,South Carolina,2026-02-01,967113.0,853622.0,113491.0,5478831,2024,"U.S. Census Bureau Annual Estimates of the Resident Population for the United States, Regions, States, District of Columbia, and Puerto Rico: April 1, 2020 to July 1, 2024 (NST-EST2024-POP)",https://www2.census.gov/programs-surveys/popest/tables/2020-2024/state/totals/NST-EST2024-POP.xlsx,2026-06-16,"Annual resident population estimate as of July 1. Used as descriptive state population context, not a utilization denominator.",1365.5617280348404,398.4384303012916,0.2917762134961694,-81233.0,-7.748682209881089,-96330.0,-9.058313421593825,15422.0,3526.0,Preliminary,15.7,Latest month is preliminary; interpret current values cautiously. State has elevated missingness across preserved fields.,176.518130,155.803674,20.714455,281.483404,64.356794,176.518130,155.803674,20.714455,281.483404,64.356794
SD,South Dakota,2026-02-01,137536.0,122936.0,14600.0,924669,2024,"U.S. Census Bureau Annual Estimates of the Resident Population for the United States, Regions, States, District of Columbia, and Puerto Rico: April 1, 2020 to July 1, 2024 (NST-EST2024-POP)",https://www2.census.gov/programs-surveys/popest/tables/2020-2024/state/totals/NST-EST2024-POP.xlsx,2026-06-16,"Annual resident population estimate as of July 1. Used as descriptive state population context, not a utilization denominator.",2110.1177453629816,1922.825497030934,0.9112408543344912,26358.0,23.70792782744788,-7750.0,-5.334306127224922,4303.0,18238.0,Preliminary,20.53,Latest month is preliminary; interpret current values cautiously. State has elevated missingness across preserved fields.,148.740793,132.951359,15.789434,465.355711,1972.381468,148.740793,132.951359,15.789434,465.355711,1972.381468
TN,Tennessee,2026-02-01,1401142.0,1223332.0,177810.0,7227750,2024,"U.S. Census Bureau Annual Estimates of the Resident Population for the United States, Regions, States, District of Columbia, and Puerto Rico: April 1, 2020 to July 1, 2024 (NST-EST2024-POP)",https://www2.census.gov/programs-surveys/popest/tables/2020-2024/state/totals/NST-EST2024-POP.xlsx,2026-06-16,"Annual resident population estimate as of July 1. Used as descriptive state population context, not a utilization denominator.",1430.548791032223,581.7547048501614,0.4066654059596191,-1270.0,-0.0905582667575577,-41052.0,-2.8464963798213003,30669.0,11812.0,Preliminary,15.7,Latest month is preliminary; interpret current values cautiously. State has elevated missingness across preserved fields.,193.855903,169.254886,24.601017,424.322922,163.425686,193.855903,169.254886,24.601017,424.322922,163.425686
TX,Texas,2026-02-01,3997752.0,3651928.0,345824.0,31290831,2024,"U.S. Census Bureau Annual Estimates of the Resident Population for the United States, Regions, States, District of Columbia, and Puerto Rico: April 1, 2020 to July 1, 2024 (NST-EST2024-POP)",https://www2.census.gov/programs-surveys/popest/tables/2020-2024/state/totals/NST-EST2024-POP.xlsx,2026-06-16,"Annual resident population estimate as of July 1. Used as descriptive state population context, not a utilization denominator.",1908.8062472336544,1193.845072120334,0.6254406773084061,-299932.0,-6.978921670369437,-200982.0,-4.786728571040699,98889.0,59289.0,Preliminary,15.7,Latest month is preliminary; interpret current values cautiously. State has elevated missingness across preserved fields.,127.761132,116.709205,11.051928,316.031875,189.477231,127.761132,116.709205,11.051928,316.031875,189.477231
UT,Utah,2026-02-01,326311.0,291629.0,34682.0,3503613,2024,"U.S. Census Bureau Annual Estimates of the Resident Population for the United States, Regions, States, District of Columbia, and Puerto Rico: April 1, 2020 to July 1, 2024 (NST-EST2024-POP)",https://www2.census.gov/programs-surveys/popest/tables/2020-2024/state/totals/NST-EST2024-POP.xlsx,2026-06-16,"Annual resident population estimate as of July 1. Used as descriptive state population context, not a utilization denominator.",5395.188554384013,9840.970539584923,1.824027175396561,38295.0,13.29613632575968,-17289.0,-5.031722933643771,24547.0,38624.0,Preliminary,15.7,Latest month is preliminary; interpret current values cautiously. State has elevated missingness across preserved fields.,93.135572,83.236647,9.898924,700.619618,1102.404860,93.135572,83.236647,9.898924,700.619618,1102.404860
VA,Virginia,2026-02-01,1660787.0,1469914.0,190873.0,8811195,2024,"U.S. Census Bureau Annual Estimates of the Resident Population for the United States, Regions, States, District of Columbia, and Puerto Rico: April 1, 2020 to July 1, 2024 (NST-EST2024-POP)",https://www2.census.gov/programs-surveys/popest/tables/2020-2024/state/totals/NST-EST2024-POP.xlsx,2026-06-16,"Annual resident population estimate as of July 1. Used as descriptive state population context, not a utilization denominator.",1374.097578988365,2233.243849143318,1.6252440025310804,423525.0,34.23082580730678,-139098.0,-7.728160410248433,35271.0,29062.0,Preliminary,15.7,Latest month is preliminary; interpret current values cautiously. State has elevated missingness across preserved fields.,188.486011,166.823456,21.662555,400.297576,329.830403,188.486011,166.823456,21.662555,400.297576,329.830403
VT,Vermont,2026-02-01,149308.0,143842.0,5466.0,648493,2024,"U.S. Census Bureau Annual Estimates of the Resident Population for the United States, Regions, States, District of Columbia, and Puerto Rico: April 1, 2020 to July 1, 2024 (NST-EST2024-POP)",https://www2.census.gov/programs-surveys/popest/tables/2020-2024/state/totals/NST-EST2024-POP.xlsx,2026-06-16,"Annual resident population estimate as of July 1. Used as descriptive state population context, not a utilization denominator.",1838.588067404924,1587.4244590096378,0.863393213059524,-9132.0,-5.763696036354456,-8597.0,-5.444412779835978,4807.0,2672.0,Preliminary,15.7,Latest month is preliminary; interpret current values cautiously. State has elevated missingness across preserved fields.,230.238414,221.809642,8.428773,741.257037,412.032204,230.238414,221.809642,8.428773,741.257037,412.032204
WA,Washington,2026-02-01,1784702.0,1718979.0,65723.0,7958180,2024,"U.S. Census Bureau Annual Estimates of the Resident Population for the United States, Regions, States, District of Columbia, and Puerto Rico: April 1, 2020 to July 1, 2024 (NST-EST2024-POP)",https://www2.census.gov/programs-surveys/popest/tables/2020-2024/state/totals/NST-EST2024-POP.xlsx,2026-06-16,"Annual resident population estimate as of July 1. Used as descriptive state population context, not a utilization denominator.",6765.649277958696,2320.9444258022445,0.3430482915163037,39647.0,2.271962774812255,-45800.0,-2.502045886866007,148517.0,38806.0,Preliminary,15.7,Latest month is preliminary; interpret current values cautiously. State has elevated missingness across preserved fields.,224.260070,216.001523,8.258547,1866.218155,487.624055,224.260070,216.001523,8.258547,1866.218155,487.624055
WI,Wisconsin,2026-02-01,1118742.0,1018694.0,100048.0,5960975,2024,"U.S. Census Bureau Annual Estimates of the Resident Population for the United States, Regions, States, District of Columbia, and Puerto Rico: April 1, 2020 to July 1, 2024 (NST-EST2024-POP)",https://www2.census.gov/programs-surveys/popest/tables/2020-2024/state/totals/NST-EST2024-POP.xlsx,2026-06-16,"Annual resident population estimate as of July 1. Used as descriptive state population context, not a utilization denominator.",1361.7141294534538,1096.5343081948809,0.8052602851635188,97291.0,9.524783861389336,-72804.0,-6.110045268919538,22173.0,16569.0,Preliminary,15.7,Latest month is preliminary; interpret current values cautiously. State has elevated missingness across preserved fields.,187.677687,170.893855,16.783832,371.969351,277.957884,187.677687,170.893855,16.783832,371.969351,277.957884
WV,West Virginia,2026-02-01,487229.0,447364.0,39865.0,1769979,2024,"U.S. Census Bureau Annual Estimates of the Resident Population for the United States, Regions, States, District of Columbia, and Puerto Rico: April 1, 2020 to July 1, 2024 (NST-EST2024-POP)",https://www2.census.gov/programs-surveys/popest/tables/2020-2024/state/totals/NST-EST2024-POP.xlsx,2026-06-16,"Annual resident population estimate as of July 1. Used as descriptive state population context, not a utilization denominator.",2478.615027199884,1229.3657187010272,0.4959889717484097,-34400.0,-6.59472536994684,-23990.0,-4.692705083340017,18567.0,7692.0,Preliminary,15.7,Latest month is preliminary; interpret current values cautiously. State has elevated missingness across preserved fields.,275.273887,252.751021,22.522866,1048.995497,434.581427,275.273887,252.751021,22.522866,1048.995497,434.581427
WY,Wyoming,2026-02-01,58942.0,52961.0,5981.0,587618,2024,"U.S. Census Bureau Annual Estimates of the Resident Population for the United States, Regions, States, District of Columbia, and Puerto Rico: April 1, 2020 to July 1, 2024 (NST-EST2024-POP)",https://www2.census.gov/programs-surveys/popest/tables/2020-2024/state/totals/NST-EST2024-POP.xlsx,2026-06-16,"Annual resident population estimate as of July 1. Used as descriptive state population context, not a utilization denominator.",1648.894608647466,1094.3578422245062,0.6636918069143133,883.0,1.5208667045591553,-4874.0,-7.637583051272408,1366.0,2063.0,Preliminary,15.7,Latest month is preliminary; interpret current values cautiously. State has elevated missingness across preserved fields.,100.306662,90.128281,10.178381,232.463948,351.078422,100.306662,90.128281,10.178381,232.463948,351.078422
